
{
	"rover": {
		"posx": 0.000000,
		"posy": 0.000000,
		"poi_1_x": 0.000000,
		"poi_1_y": 0.000000,
		"poi_2_x": 0.000000,
		"poi_2_y": 0.000000,
		"poi_3_x": 0.000000,
		"poi_3_y": 0.000000,
		"ping": false
	}
}