
{
	"telemetry": {
		"eva_time": 808,
		"eva1": {
			"batt_time_left": 21600.000000,
			"oxy_pri_storage": 88.278839,
			"oxy_sec_storage": 100.000000,
			"oxy_pri_pressure": 2648.361816,
			"oxy_sec_pressure": 2999.998779,
			"oxy_time_left": 20334,
			"heart_rate": 90.000000,
			"oxy_consumption": 0.000000,
			"co2_production": 0.000000,
			"suit_pressure_oxy": 3.072372,
			"suit_pressure_co2": 0.005889,
			"suit_pressure_other": 11.554200,
			"suit_pressure_total": 14.632462,
			"fan_pri_rpm": 0.000000,
			"fan_sec_rpm": 30001.000000,
			"helmet_pressure_co2": 0.000000,
			"scrubber_a_co2_storage": 0.000000,
			"scrubber_b_co2_storage": 0.000000,
			"temperature": 70.340767,
			"coolant_ml": 100.000000,
			"coolant_gas_pressure": 0.000000,
			"coolant_liquid_pressure": 0.000000
		},
		"eva2": {
			"batt_time_left": 21600.000000,
			"oxy_pri_storage": 24.231962,
			"oxy_sec_storage": 19.419136,
			"oxy_pri_pressure": 0.006861,
			"oxy_sec_pressure": 0.007892,
			"oxy_time_left": 4714,
			"heart_rate": 90.000000,
			"oxy_consumption": 0.000000,
			"co2_production": 0.000000,
			"suit_pressure_oxy": 3.072365,
			"suit_pressure_cO2": 0.006006,
			"suit_pressure_other": 11.554200,
			"suit_pressure_total": 14.632571,
			"fan_pri_rpm": 0.000000,
			"fan_sec_rpm": 30001.000000,
			"helmet_pressure_co2": 0.000000,
			"scrubber_a_co2_storage": 0.000000,
			"scrubber_b_co2_storage": 0.000000,
			"temperature": 78.151314,
			"coolant_ml": 22.034748,
			"coolant_gas_pressure": 0.000000,
			"coolant_liquid_pressure": 0.000000
		}
	}
}